name,colorway,release,retail,stockx,goat,stadium,flight,silhoutte,styleid,brand,img
Jordan 1 Retro High 85 Varsity Red,Varsity Red/Black-Varsity Red-White,2020-02-08,200,505,558, 629,485,Jordan 1 Retro High,BQ4422-600,Jordan,https://images.stockx.com/images/Air-Jordan-1-Retro-High-85-Varsity-Red-Product.jpg?fit=fill&bg=FFFFFF&w=700&h=500&auto=format,compress&trim=color&q=90&dpr=2&updated_at=1606322936,
Jordan 1 Retro High 85 Neutral Grey,White/Neutral Grey,2021-02-10,200,326,330, 495,330,Jordan 1 Retro High 85,BQ4422-100,Jordan,https://images.stockx.com/images/Air-Jordan-1-Retro-High-85-Neutral-Grey-Product.jpg?fit=fill&bg=FFFFFF&w=700&h=500&auto=format,compress&trim=color&q=90&dpr=2&updated_at=1612902573,
Jordan 5 Retro Raging Bull Red (2021),Varsity Red/Black-White,2021-04-10,190,229,250, 330,250,Jordan 5 Retro,DD0587-600,Jordan,https://images.stockx.com/images/Air-Jordan-5-Retro-Raging-Bulls-Red-2021-Product.jpg?fit=fill&bg=FFFFFF&w=700&h=500&auto=format,compress&trim=color&q=90&dpr=2&updated_at=1616603755,
Jordan 1 Retro High Hyper Royal Smoke Grey,Hyper Royal/Light Smoke Grey-White,2021-04-17,170,435,458, 615,458,Jordan 1 Retro High,555088-402,Jordan,https://images.stockx.com/images/Air-Jordan-1-Retro-High-Hyper-Royal-Smoke-Grey-Product.jpg?fit=fill&bg=FFFFFF&w=700&h=500&auto=format,compress&trim=color&q=90&dpr=2&updated_at=1618238995,
Jordan 1 Retro High CO Japan Neutral Grey (2020),Neutral Grey/Metallic Silver-White,2020-08-07,170,214,200, 259,200,Jordan 1 Retro High,DC1788-029,Jordan,https://images.stockx.com/images/Air-Jordan-1-Retro-High-CO-Japan-Neutral-Grey-Product.jpg?fit=fill&bg=FFFFFF&w=700&h=500&auto=format,compress&trim=color&q=90&dpr=2&updated_at=1606322190,
Jordan 1 Retro High NC to Chi Leather (W),Black/Dark Powder Blue-Gym Red,2020-02-13,170,193,199, 275,199,Jordan 1 Retro High,CD0461-046,Jordan,https://images.stockx.com/images/Air-Jordan-1-Retro-High-UNC-Chicago-Leather-W-Product.jpg?fit=fill&bg=FFFFFF&w=700&h=500&auto=format,compress&trim=color&q=90&dpr=2&updated_at=1606322288,
Jordan 11 Retro Playoffs Bred (2019),Black/White-Varsity Red,2019-12-14,220,333,258, 360,258,Jordan 11 Retro,378037-061,Jordan,https://images.stockx.com/images/Air-Jordan-11-Retro-Playoffs-2019-Product.jpg?fit=fill&bg=FFFFFF&w=700&h=500&auto=format,compress&trim=color&q=90&dpr=2&updated_at=1606320266,
Jordan 1 Retro High Pine Green Black,Black/Pine Green-White-Gym Red,2020-02-29,170,225,280, 309,280,Jordan 1 Retro High,555088-030,Jordan,https://images.stockx.com/images/Air-Jordan-1-Retro-High-Pine-Green-Black-Product.jpg?fit=fill&bg=FFFFFF&w=700&h=500&auto=format,compress&trim=color&q=90&dpr=2&updated_at=1606323349,
Jordan 1 Retro High Tokyo Bio Hack,Baroque Brown/Black-Laser Orange-Racer Pink,2020-09-04,170,234,275, 295,275,Jordan 1 Retro High,555088-201,Jordan,https://images.stockx.com/images/Air-Jordan-1-Retro-High-Bio-Hack-Product.jpg?fit=fill&bg=FFFFFF&w=700&h=500&auto=format,compress&trim=color&q=90&dpr=2&updated_at=1606318464,
Jordan 5 Retro Fire Red Silver Tongue (2020),White/Black-Metallic Silver-Fire Red,2020-05-02,200,200,228, 259,200,Jordan 5 Retro,DA1911-102,Jordan,https://images.stockx.com/images/Air-Jordan-5-Retro-Fire-Red-Silver-Tongue-2020.png?fit=fill&bg=FFFFFF&w=700&h=500&auto=format,compress&trim=color&q=90&dpr=2&updated_at=1606315953,
Jordan 12 Retro Black Dark Concord,Black/Black-Dark Concord,2020-10-23,190,240,260, 335,250,Jordan 12 Retro,CT8013-005,Jordan,https://images.stockx.com/images/Air-Jordan-12-Retro-Black-Dark-Concord-Product.jpg?fit=fill&bg=FFFFFF&w=700&h=500&auto=format,compress&trim=color&q=90&dpr=2&updated_at=1606763684,
Jordan 1 Retro High Shattered Backboard 3.0,Black/Pale Vanilla-Starfish,2019-10-26,160,240,300, 485,300,Jordan 1 Retro High,555088-028,Jordan,https://images.stockx.com/images/Air-Jordan-1-Retro-High-Shattered-Backboard-3-Product.jpg?fit=fill&bg=FFFFFF&w=700&h=500&auto=format,compress&trim=color&q=90&dpr=2&updated_at=1606318718,
Jordan 1 Retro High Satin Black Toe (W),Black/White-University Red,2019-08-17,160,387,385, 515,376,Jordan 1 Retro High,CD0461-016,Jordan,https://images.stockx.com/images/Air-Jordan-1-Retro-High-Satin-Black-Toe-W-Product.jpg?fit=fill&bg=FFFFFF&w=700&h=500&auto=format,compress&trim=color&q=90&dpr=2&updated_at=1606319735,
Jordan 5 Retro Top 3,Black/Fire Red-Grape Ice-New Emerald,2020-06-20,200,247,240, 285,230,Jordan 5 Retro,CZ1786-001,Jordan,https://images.stockx.com/images/Air-Jordan-5-Retro-Top-3-Product.jpg?fit=fill&bg=FFFFFF&w=700&h=500&auto=format,compress&trim=color&q=90&dpr=2&updated_at=1606317252,
Jordan 6 Retro DMP (2020),Black/Metallic Gold,2020-04-18,200,225,225, 279,210,Jordan 6 Retro,CT4954-007,Jordan,https://images.stockx.com/images/Air-Jordan-6-Retro-DMP-2020-Product.jpg?fit=fill&bg=FFFFFF&w=700&h=500&auto=format,compress&trim=color&q=90&dpr=2&updated_at=1606316942,
Jordan 5 Retro SE Oregon,Apple Green/Black-Yellow Strike-Black,2020-09-12,225,239,220, 279,189,Jordan 5 Retro,CK6631-307,Jordan,https://images.stockx.com/images/Air-Jordan-5-Retro-SE-Oregon-Product.jpg?fit=fill&bg=FFFFFF&w=700&h=500&auto=format,compress&trim=color&q=90&dpr=2&updated_at=1606315765,
Jordan 12 Retro Indigo,Stone Blue/Legend Blue-Obsidian,2020-08-22,190,213,205, 225,205,Jordan 12 Retro,130690-404,Jordan,https://images.stockx.com/images/Air-Jordan-12-Retro-Stone-Blue-Product.jpg?fit=fill&bg=FFFFFF&w=700&h=500&auto=format,compress&trim=color&q=90&dpr=2&updated_at=1606325484,
Jordan 4 Retro SE 95 Neon,Cool Grey/Volt-Wolf Grey-Anthracite,2020-03-21,225,249,200, 309,200,Jordan 4 Retro,CT5342-007,Jordan,https://images.stockx.com/images/Air-Jordan-4-Retro-SE-Neon-Product.jpg?fit=fill&bg=FFFFFF&w=700&h=500&auto=format,compress&trim=color&q=90&dpr=2&updated_at=1606315690,
Jordan 1 Retro High Tie Dye (W),White/Black-Aurora Green,2020-06-26,170,245,250, 329,250,Jordan 1 Retro High,CD0461-100,Jordan,https://images.stockx.com/images/Air-Jordan-1-Retro-High-Tie-Dye-W-Product.jpg?fit=fill&bg=FFFFFF&w=700&h=500&auto=format,compress&trim=color&q=90&dpr=2&updated_at=1606319746,
Jordan 14 Retro White Hyper Royal,White/Black-Hyper Royal,2020-09-19,190,240,200, 289,200,Jordan 14 Retro,487471-104,Jordan,https://images.stockx.com/images/Air-Jordan-14-Retro-White-Hyper-Royal-Product.jpg?fit=fill&bg=FFFFFF&w=700&h=500&auto=format,compress&trim=color&q=90&dpr=2&updated_at=1606319618,
Jordan 3 Retro Laser Orange (W),White/Laser Orange-Cement Grey-Black,2020-08-21,190,231,230, 289,212,Jordan 3 Retro,CK9246-108,Jordan,https://images.stockx.com/images/Air-Jordan-3-Retro-Laser-Orange-W-Product.jpg?fit=fill&bg=FFFFFF&w=700&h=500&auto=format,compress&trim=color&q=90&dpr=2&updated_at=1606316857,
Jordan 1 Retro High Travis Scott,Sail/Black-Dark Mocha-University Red,2019-05-11,175,1450,1610, 2255,1300,Jordan 1 Retro High,CD4487-100,Jordan,https://images.stockx.com/images/Air-Jordan-1-Retro-High-Travis-Scott-Product.jpg?fit=fill&bg=FFFFFF&w=700&h=500&auto=format,compress&trim=color&q=90&dpr=2&updated_at=1608736403,
Jordan 4 Retro What The,White/Military Blue-Fire Red-Black-Cement Grey,2019-11-23,200,290,290, 409,265,Jordan 4 Retro,CI1184-146,Jordan,https://images.stockx.com/images/Air-Jordan-4-Retro-What-The.jpg?fit=fill&bg=FFFFFF&w=700&h=500&auto=format,compress&trim=color&q=90&dpr=2&updated_at=1606317976,
Jordan 1 Retro High Turbo Green,Turbo Green/Sail-White-Light Smoke Grey,2019-02-15,160,366,230, 250,225,Jordan 1 Retro High,555088-311,Jordan,https://images.stockx.com/images/Air-Jordan-1-Retro-High-Turbo-Green-Product.jpg?fit=fill&bg=FFFFFF&w=700&h=500&auto=format,compress&trim=color&q=90&dpr=2&updated_at=1606324093,
Jordan 5 Retro Off-White Black,Black/Muslin-Fire Red,2020-02-15,225,535,500, 735,500,Jordan 5 Retro,CT8480-001,Jordan,https://images.stockx.com/images/Air-Jordan-5-Retro-Off-White-Black-Product.jpg?fit=fill&bg=FFFFFF&w=700&h=500&auto=format,compress&trim=color&q=90&dpr=2&updated_at=1606316394,
Jordan 1 Mid SE Multi-Color (W),White/Black-Lightbulb-Team Orange,2020-04-09,125,200,211, 249,205,Jordan 1 Mid SE,CW1140-100,Jordan,https://images.stockx.com/images/Air-Jordan-1-Mid-SE-Multi-Color-W-Product.jpg?fit=fill&bg=FFFFFF&w=700&h=500&auto=format,compress&trim=color&q=90&dpr=2&updated_at=1606319264,
Jordan 11 Retro Space Jam (2016),Black/Dark Concord-White,2016-12-10,220,378,268, 359,268,Jordan 11 Retro,378037-003,Jordan,https://images.stockx.com/images/Jordan-11-Retro-Space-Jams-2016-Product.jpg?fit=fill&bg=FFFFFF&w=700&h=500&auto=format,compress&trim=color&q=90&dpr=2&updated_at=1606319512,
Jordan 11 Retro Win Like 96,Gym Red/Black-White,2017-12-09,220,311,295, 360,105,Jordan 11 Retro,378037-623,Jordan,https://images.stockx.com/images/Air-Jordan-11-Retro-Win-Like-96-Product.jpg?fit=fill&bg=FFFFFF&w=700&h=500&auto=format,compress&trim=color&q=90&dpr=2&updated_at=1606321546,
Jordan 1 Retro High Neutral Grey Hyper Crimson,Neutral Grey/Black-Hyper Crimson-White,2019-01-24,160,245,235, 335,235,Jordan 1 Retro High,555088-018,Jordan,https://images.stockx.com/images/Air-Jordan-1-Retro-High-Neutral-Grey-Hyper-Crimson-Product.jpg?fit=fill&bg=FFFFFF&w=700&h=500&auto=format,compress&trim=color&q=90&dpr=2&updated_at=1606319872,
Jordan 1 Retro High Black Crimson Tint,Black/Crimson Tint-White-Hyper Pink-Mystic Green,2019-04-12,160,188,140, 185,140,Jordan 1 Retro High,555088-081,Jordan,https://images.stockx.com/images/Air-Jordan-1-Retro-High-Black-Hyper-Pink-Product.jpg?fit=fill&bg=FFFFFF&w=700&h=500&auto=format,compress&trim=color&q=90&dpr=2&updated_at=1606320817,
Jordan 1 Retro Royal (2017),Black/Varsity Royal-White,2017-04-01,160,475,465, 505,430,Jordan 1 Retro,555088-007,Jordan,https://images.stockx.com/images/Air-Jordan-1-Retro-Black-Blue-2017-Product.jpg?fit=fill&bg=FFFFFF&w=700&h=500&auto=format,compress&trim=color&q=90&dpr=2&updated_at=1606319918,
Jordan 11 Retro UNC Win Like 82,White/University Blue-Midnight Navy,2017-11-11,220,350,390, 319,249,Jordan 11 Retro,378037-123,Jordan,https://images.stockx.com/images/Air-Jordan-11-Retro-Midnight-Navy-UNC-Product.jpg?fit=fill&bg=FFFFFF&w=700&h=500&auto=format,compress&trim=color&q=90&dpr=2&updated_at=1612286190,
Jordan 1 Retro Low OG SP Travis Scott,Black/Dark Mocha-University Red-Sail,2019-07-20,130,999,1242, 1289,1040,Jordan 1 Retro Low OG SP,CQ4277-001,Jordan,https://images.stockx.com/images/Air-Jordan-1-Retro-Low-Travis-Scott-Product.jpg?fit=fill&bg=FFFFFF&w=700&h=500&auto=format,compress&trim=color&q=90&dpr=2&updated_at=1606317345,
Jordan 3 Retro SE Animal Instinct,Black/Sail/Gum Light Brown/Multi-Color,2019-12-19,225,205,200, 225,200,Jordan 3 Retro SE,CK4344-002,Jordan,https://images.stockx.com/images/Air-Jordan-3-Retro-Animal-Pack-Product.jpg?fit=fill&bg=FFFFFF&w=700&h=500&auto=format,compress&trim=color&q=90&dpr=2&updated_at=1606316737,
Jordan 1 Retro High First Class Flight,White/Dynamic Yellow-Black,2019-09-28,160,160,130, 259,130,Jordan 1 Retro High,555088-170,Jordan,https://images.stockx.com/images/Air-Jordan-1-Retro-High-First-Class-Flight-Product.jpg?fit=fill&bg=FFFFFF&w=700&h=500&auto=format,compress&trim=color&q=90&dpr=2&updated_at=1606319943,
Jordan 1 Mid SE Fearless Maison Chateau Rouge,Pale Vanilla/Cinnamon,2019-11-30,130,321,320, 700,320,Jordan 1 Mid SE,CU2803-200,Jordan,https://images.stockx.com/images/Air-Jordan-1-Mid-SE-Fearless-Maison-Chateau-Rouge-Product.jpg?fit=fill&bg=FFFFFF&w=700&h=500&auto=format,compress&trim=color&q=90&dpr=2&updated_at=1606322046,
Jordan 5 Retro Michigan (2019),Amarillo/College Navy-Amarillo,2019-07-06,225,247,250, 345,220,Jordan 5 Retro,CQ9541-704,Jordan,https://images.stockx.com/images/Air-Jordan-5-Retro-Michigan-2019-Product.jpg?fit=fill&bg=FFFFFF&w=700&h=500&auto=format,compress&trim=color&q=90&dpr=2&updated_at=1606315964,
Jordan 3 Retro True Blue (2016),White/True Blue-Varsity Red,2016-11-25,220,396,220, 400,220,Jordan 3 Retro,854262-106,Jordan,https://images.stockx.com/images/Air-Jordan-3-Retro-True-Blue-2016-Product.jpg?fit=fill&bg=FFFFFF&w=700&h=500&auto=format,compress&trim=color&q=90&dpr=2&updated_at=1606315744,
Jordan 3 Retro Black Cement (2018),Black/Fire Red-Cement Grey-White,2018-02-17,200,397,350, 410,291,Jordan 3 Retro,854262-001,Jordan,https://images.stockx.com/images/Air-Jordan-3-Retro-Black-Cement-2018-Product.jpg?fit=fill&bg=FFFFFF&w=700&h=500&auto=format,compress&trim=color&q=90&dpr=2&updated_at=1609356781,
Jordan 1 Retro High Shadow (2018),Black/Medium Grey-White,2018-04-14,160,325,210, 285,210,Jordan 1 Retro High,555088-013,Jordan,https://images.stockx.com/images/Air-Jordan-1-Retro-High-Shadow-2018-1.jpg?fit=fill&bg=FFFFFF&w=700&h=500&auto=format,compress&trim=color&q=90&dpr=2&updated_at=1606318490,
Jordan 12 Retro Fiba (2019),White/University Red-Metallic Gold,2019-08-24,190,265,205, 400,205,Jordan 12 Retro,130690-107,Jordan,https://images.stockx.com/images/Air-Jordan-12-Retro-Fiba-2019.png?fit=fill&bg=FFFFFF&w=700&h=500&auto=format,compress&trim=color&q=90&dpr=2&updated_at=1606320620,
Jordan 1 Retro High OG Defiant Couture,Black/Gym Red-Muslin,2019-02-23,175,210,185, 269,185,Jordan 1 Retro High OG Defiant,BQ6682-006,Jordan,https://images.stockx.com/images/Air-Jordan-1-Retro-High-OG-Defiant-Couture-Product.jpg?fit=fill&bg=FFFFFF&w=700&h=500&auto=format,compress&trim=color&q=90&dpr=2&updated_at=1606319501,
Jordan 1 Retro High Bred Toe,Gym Red/Black-Summit White,2018-02-24,160,500,472, 390,472,Jordan 1 Retro High,555088-610,Jordan,https://images.stockx.com/images/Air-Jordan-1-Retro-High-Bred-Toe-Product.jpg?fit=fill&bg=FFFFFF&w=700&h=500&auto=format,compress&trim=color&q=90&dpr=2&updated_at=1606322598,
Jordan 1 Retro High Phantom Gym Red,Sail/Black-Phantom-Gym Red-University Red,2019-03-30,160,125,140, 205,140,Jordan 1 Retro High,555088-160,Jordan,https://images.stockx.com/images/Air-Jordan-1-Retro-High-Phantom-Gym-Red-Product.jpg?fit=fill&bg=FFFFFF&w=700&h=500&auto=format,compress&trim=color&q=90&dpr=2&updated_at=1606318911,
Jordan 11 Retro Legend Blue (2014),White/Black-Legend Blue,2014-12-20,200,470,439, 590,325,Jordan 11 Retro,378037-117,Jordan,https://images.stockx.com/images/Air-Jordan-11-Retro-Legend-Blue-Product.jpg?fit=fill&bg=FFFFFF&w=700&h=500&auto=format,compress&trim=color&q=90&dpr=2&updated_at=1606317224,
Jordan 1 Retro High Rookie of the Year,Golden Harvest/Black-Sail,2018-11-17,160,451,240, 605,240,Jordan 1 Retro High,555088-700,Jordan,https://images.stockx.com/images/Air-Jordan-1-Retro-High-Rookie-Of-The-Year-Product.jpg?fit=fill&bg=FFFFFF&w=700&h=500&auto=format,compress&trim=color&q=90&dpr=2&updated_at=1606320545,
Jordan 1 Retro High Spider-Man Origin Story,Gym Red/Black-White-Photo Blue,2018-12-14,160,600,600, 720,600,Jordan 1 Retro High,555088-602,Jordan,https://images.stockx.com/images/Air-Jordan-1-Retro-High-Origin-Story-1.jpg?fit=fill&bg=FFFFFF&w=700&h=500&auto=format,compress&trim=color&q=90&dpr=2&updated_at=1606319884,
Jordan 1 Retro High Zoom Fearless,Multi-Color/Black-Lucky Green-Varsity Red,2019-12-07,175,239,185, 335,185,Jordan 1 Retro High,BV0006-900,Jordan,https://images.stockx.com/images/Air-Jordan-1-Retro-High-Fearless-Zoom-Product.jpg?fit=fill&bg=FFFFFF&w=700&h=500&auto=format,compress&trim=color&q=90&dpr=2&updated_at=1606317847,
Jordan 1 Retro High Twist (W),Black/Black-Metallic Gold-White,2019-05-10,160,725,700, 959,699,Jordan 1 Retro High,CD0461-007,Jordan,https://images.stockx.com/images/Air-Jordan-1-Retro-High-Black-White-W-Product.jpg?fit=fill&bg=FFFFFF&w=700&h=500&auto=format,compress&trim=color&q=90&dpr=2&updated_at=1606318078,
Jordan 1 Low Black Toe,White/Black-Gym Red,2019-04-01,90,219,249, 419,249,Jordan 1 Low,553558-116,Jordan,https://images.stockx.com/images/Air-Jordan-1-Low-Black-Toe-Product.jpg?fit=fill&bg=FFFFFF&w=700&h=500&auto=format,compress&trim=color&q=90&dpr=2&updated_at=1606320100,
Jordan 1 Retro High Off-White Chicago,White/Black-Varsity Red,2017-09-09,190,5000,4426, 5409,2981,Jordan 1 Retro High,AA3834-101,Jordan,https://images.stockx.com/images/Air-Jordan-1-Retro-High-Off-White-Chicago-Product.jpg?fit=fill&bg=FFFFFF&w=700&h=500&auto=format,compress&trim=color&q=90&dpr=2&updated_at=1606322952,
Jordan 13 Retro Chinese New Year (2020),Pale Ivory/Black-Digital Pink-Club Gold,2020-01-23,200,252,199, 245,180,Jordan 13 Retro,CW4409-100,Jordan,https://images.stockx.com/images/Air-Jordan-13-Retro-Chinese-New-Year-2020.png?fit=fill&bg=FFFFFF&w=700&h=500&auto=format,compress&trim=color&q=90&dpr=2&updated_at=1606319139,
Jordan 1 Retro High Homage To Home (Non-numbered),Black/University Red-White,2018-05-19,160,400,435, 565,435,Jordan 1 Retro High,861428-061,Jordan,https://images.stockx.com/images/Air-Jordan-1-Retro-High-Homage-To-Home-NN-Product.jpg?fit=fill&bg=FFFFFF&w=700&h=500&auto=format,compress&trim=color&q=90&dpr=2&updated_at=1606322087,
Jordan 1 Retro High Game Royal,Game Royal/Black-Summit White,2018-07-18,160,357,299, 565,299,Jordan 1 Retro High,555088-403,Jordan,https://images.stockx.com/images/Air-Jordan-1-Retro-High-Alternate-Black-Royal-Product.jpg?fit=fill&bg=FFFFFF&w=700&h=500&auto=format,compress&trim=color&q=90&dpr=2&updated_at=1606319714,
Jordan 13 Retro Bred (2017),Black/True Red-White,2017-08-19,190,250,249, 455,249,Jordan 13 Retro,414571-004,Jordan,https://images.stockx.com/images/Air-Jordan-13-Retro-Bred-2017-Product.jpg?fit=fill&bg=FFFFFF&w=700&h=500&auto=format,compress&trim=color&q=90&dpr=2&updated_at=1612286257,
Nike Dunk Low Green Glow (W),White/Green Glow-White,2021-04-16,100,280,290, 489,290,Nike Dunk Low,DD1503-105,Nike,https://images.stockx.com/images/Nike-Dunk-Low-Green-Glow-W.jpg?fit=fill&bg=FFFFFF&w=700&h=500&auto=format,compress&trim=color&q=90&dpr=2&updated_at=1614142708,
Nike Dunk High Black Varsity Maize,Black/Varsity Maize,2020-12-09,120,185,180, 215,180,Nike Dunk High,CZ8149-002,Nike,https://images.stockx.com/images/Nike-Dunk-High-Black-Varsity-Maize-Product.jpg?fit=fill&bg=FFFFFF&w=700&h=500&auto=format,compress&trim=color&q=90&dpr=2&updated_at=1609445259,
Nike Air Rubber Dunk Off-White UNC,White/University Blue-White,2020-10-01,190,336,340, 410,340,Nike Air Rubber Dunk,CU6015-100,Nike,https://images.stockx.com/images/Nike-Air-Rubber-Dunk-Off-White-UNC-Product.jpg?fit=fill&bg=FFFFFF&w=700&h=500&auto=format,compress&trim=color&q=90&dpr=2&updated_at=1609438911,
Nike Dunk Low Co.JP Samba (2020),Hyper Blue/Samba-Silver,2020-08-21,100,220,210, 265,210,Nike Dunk Low,CZ2667-400,Nike,https://images.stockx.com/images/Nike-Dunk-Low-Samba-2020-Product.jpg?fit=fill&bg=FFFFFF&w=700&h=500&auto=format,compress&trim=color&q=90&dpr=2&updated_at=1606325180,
Nike Dunk Low Brazil (2020),Varsity Maize/Pine Green-White,2020-05-21,100,334,315, 390,315,Nike Dunk Low,CU1727-700,Nike,https://images.stockx.com/images/Nike-Dunk-Low-Brazil-2020.jpg?fit=fill&bg=FFFFFF&w=700&h=500&auto=format,compress&trim=color&q=90&dpr=2&updated_at=1606321819,
Nike Dunk High Michigan (2020),Varsity Maize/Midnight Navy-Midnight Navy,2020-09-23,120,188,200, 210,200,Nike Dunk High,CZ8149-700,Nike,https://images.stockx.com/images/Nike-Dunk-High-Michigan-2020-Product.jpg?fit=fill&bg=FFFFFF&w=700&h=500&auto=format,compress&trim=color&q=90&dpr=2&updated_at=1606324192,
Nike Dunk Low SP Syracuse (2020),White/Orange,2020-03-14,100,599,520, 720,520,Nike Dunk Low SP,CU1726-101,Nike,https://images.stockx.com/images/Nike-Dunk-Low-SP-Syracuse.jpg?fit=fill&bg=FFFFFF&w=700&h=500&auto=format,compress&trim=color&q=90&dpr=2&updated_at=1606323536,
Nike Dunk Low Off-White University Red,University Red/University Red-Wolf Grey,2019-12-20,170,524,609, 770,609,Nike Dunk Low,CT0856-600,Nike,https://images.stockx.com/images/Nike-Dunk-Low-Off-White-University-Red-Product.jpg?fit=fill&bg=FFFFFF&w=700&h=500&auto=format,compress&trim=color&q=90&dpr=2&updated_at=1606321824,
Nike Dunk Low Off-White University Gold Midnight Navy,University Gold/Midnight Navy-White,2019-12-20,170,576,499, 710,499,Nike Dunk Low,CT0856-700,Nike,https://images.stockx.com/images/Nike-Dunk-Low-Off-White-Michigan-Product.jpg?fit=fill&bg=FFFFFF&w=700&h=500&auto=format,compress&trim=color&q=90&dpr=2&updated_at=1606324941,
Nike Dunk Low Off-White Pine Green,White/Pine Green-Pine Green,2019-12-20,170,621,574, 890,574,Nike Dunk Low,CT0856-100,Nike,https://images.stockx.com/images/Nike-Dunk-Low-Off-White-Pine-Green-1.jpg?fit=fill&bg=FFFFFF&w=700&h=500&auto=format,compress&trim=color&q=90&dpr=2&updated_at=1606319825,
Nike SB Dunk Low Safari,Black/Orange-Cement Grey-Outdoor green,2020-03-14,100,320,328, 345,328,Nike SB Dunk Low,CD2563-002,Nike,https://images.stockx.com/images/Nike-SB-Dunk-Low-Safari-Product.jpg?fit=fill&bg=FFFFFF&w=700&h=500&auto=format,compress&trim=color&q=90&dpr=2&updated_at=1607043263,
Nike SB Dunk Low Parra,White/Red-Pink,2019-07-27,100,398,398, 505,398,Nike SB Dunk Low,CN4504-100,Nike,https://images.stockx.com/images/Nike-SB-Dunk-Low-Parra-Product.jpg?fit=fill&bg=FFFFFF&w=700&h=500&auto=format,compress&trim=color&q=90&dpr=2&updated_at=1606324266,
Nike SB Dunk Low Travis Scott (Regular Box),Black/Black-Parachute Beige-Petra Brown,2020-02-29,150,1705,1735, 2005,1735,Nike SB Dunk Low,CT5053-001,Nike,https://images.stockx.com/images/Nike-SB-Dunk-Low-Travis-Scott-Product.jpg?fit=fill&bg=FFFFFF&w=700&h=500&auto=format,compress&trim=color&q=90&dpr=2&updated_at=1606325738,
Nike Dunk Low SP Kentucky (2020),White/Varsity Royal,2020-03-14,100,521,551, 609,527,Nike Dunk Low SP,CU1726-100,Nike,https://images.stockx.com/images/Nike-Dunk-Low-SP-Kentucky_Product.jpg?fit=fill&bg=FFFFFF&w=700&h=500&auto=format,compress&trim=color&q=90&dpr=2&updated_at=1606322330,
Nike Dunk Low Viotech (2019),Viotech/Viotech,2019-12-10,120,350,355, 385,355,Nike Dunk Low,CT5050-500,Nike,https://images.stockx.com/images/Nike-Dunk-Low-Viotech-2019-Product.jpg?fit=fill&bg=FFFFFF&w=700&h=500&auto=format,compress&trim=color&q=90&dpr=2&updated_at=1606321002,
Nike SB Dunk Low Supreme Jewel Swoosh Silver,Metallic Silver/Metallic Silver-Black,2019-09-14,110,285,298, 305,290,Nike SB Dunk Low,CK3480-001,Nike,https://images.stockx.com/images/Nike-SB-Dunk-Low-Supreme-Jewel-Swoosh-Silver-Product.jpg?fit=fill&bg=FFFFFF&w=700&h=500&auto=format,compress&trim=color&q=90&dpr=2&updated_at=1606324639,
Nike SB Dunk Low Night of Mischief Halloween,Black/Orange-Purple-Electric Green,2019-10-31,90,411,420, 560,420,Nike SB Dunk Low,BQ6817-006,Nike,https://images.stockx.com/images/Nike-SB-Dunk-Low-Night-of-Mischief-Halloween-Product.jpg?fit=fill&bg=FFFFFF&w=700&h=500&auto=format,compress&trim=color&q=90&dpr=2&updated_at=1606324623,
Nike SB Dunk High Space Jam,Black/Black-White-Varsity Royal,2019-11-27,110,166,161, 240,144,Nike SB Dunk High,BQ6826-002,Nike,https://images.stockx.com/images/Nike-SB-Dunk-High-Space-Jam.png?fit=fill&bg=FFFFFF&w=700&h=500&auto=format,compress&trim=color&q=90&dpr=2&updated_at=1606325193,
Nike SB Dunk High Dog Walker,Multi-Color/Multi-Color,2019-04-20,110,500,465, 619,385,Nike SB Dunk High,BQ6827-300,Nike,https://images.stockx.com/images/Nike-SB-Dunk-High-Dog-Walker-Product.jpg?fit=fill&bg=FFFFFF&w=700&h=500&auto=format,compress&trim=color&q=90&dpr=2&updated_at=1606321352,
Nike Dunk Low Comme des Garcons Print (W),Black/White,2020-05-14,260,170,160, 240,160,Nike Dunk Low,CZ2675-001,Nike,https://images.stockx.com/images/Nike-Dunk-Low-Comme-des-Garcons-Print-W-Product.jpg?fit=fill&bg=FFFFFF&w=700&h=500&auto=format,compress&trim=color&q=90&dpr=2&updated_at=1607006247,
Nike SB Dunk Low Raygun Tie-Dye Black,Black/Black-Orange Flash,2019-12-28,100,345,360, 465,360,Nike SB Dunk Low,BQ6832-001,Nike,https://images.stockx.com/images/Nike-SB-Dunk-Low-Raygun-Tie-Dye.jpg?fit=fill&bg=FFFFFF&w=700&h=500&auto=format,compress&trim=color&q=90&dpr=2&updated_at=1606319461,
Nike Dunk SB Low Stussy Cherry,Shy Pink/Vanilla,2005-07-01,150,2800,3321, undefined,2750,Nike Dunk SB Low,304292-671,Nike,https://images.stockx.com/images/Nike-Dunk-SB-Low-Stussy-Cherry-Product.jpg?fit=fill&bg=FFFFFF&w=700&h=500&auto=format,compress&trim=color&q=90&dpr=2&updated_at=1606325313,
Nike Dunk SB Low What the Dunk,White/College Blue-Chrome-Deep Red,2007-10-01,120,10493,8800, 25750,8800,Nike Dunk SB Low,318403-141,Nike,https://images.stockx.com/images/Nike-Dunk-SB-Low-What-The-Dunk-Product.jpg?fit=fill&bg=FFFFFF&w=700&h=500&auto=format,compress&trim=color&q=90&dpr=2&updated_at=1606323549,
Nike Dunk SB Low Supreme  Red Cement (2012),Fire Red/Cement Grey-Black,2012-07-19,148,2250,2435, 3865,2000,Nike Dunk SB Low,313170-600,Nike,https://images.stockx.com/images/Nike-Dunk-SB-Low-Supreme-Red-Cement-2012-Product.jpg?fit=fill&bg=FFFFFF&w=700&h=500&auto=format,compress&trim=color&q=90&dpr=2&updated_at=1606324834,
Nike Dunk High Pro SB Supreme Blue Stars,White/University Blue,2003-08-08,75,6393,7985, undefined,1752,Nike Dunk High Pro SB,307385-141,Nike,https://images.stockx.com/images/Nike-Dunk-High-Pro-SB-Supreme-Blue-Stars.jpg?fit=fill&bg=FFFFFF&w=700&h=500&auto=format,compress&trim=color&q=90&dpr=2&updated_at=1606316983,
Nike Dunk SB Low Supreme  Black Cement (2002),Black/Black-Cement Grey,2002-09-01,65,6000,5000, undefined,5000,Nike Dunk SB Low,304292-131,Nike,https://images.stockx.com/images/Nike-Dunk-SB-Low-Supreme-Black-Cement-2002-Product.jpg?fit=fill&bg=FFFFFF&w=700&h=500&auto=format,compress&trim=color&q=90&dpr=2&updated_at=1606322375,
Nike Dunk High Pro SB Supreme Red Stars,White/Varsity Red,2003-08-08,75,5876,1200, undefined,undefined,Nike Dunk High Pro SB,307385-161,Nike,https://images.stockx.com/images/Dunk-High-Pro-SB-Supreme-Red-Stars-Product.jpg?fit=fill&bg=FFFFFF&w=700&h=500&auto=format,compress&trim=color&q=90&dpr=2&updated_at=1606318425,
Nike Dunk SB Low Staple NYC Pigeon,Medium Grey/White-Dark Grey,2005-03-01,200,45000,undefined, undefined,undefined,Nike Dunk SB Low,304292-011,Nike,https://images.stockx.com/images/Nike-Dunk-SB-Low-Staple-NYC-Pigeon-Product.jpg?fit=fill&bg=FFFFFF&w=700&h=500&auto=format,compress&trim=color&q=90&dpr=2&updated_at=1606322680,
Nike Dunk SB Low Supreme  White Cement (2002),White/Black-Cement Grey,2002-09-01,undefined,6950,1661, undefined,undefined,Nike Dunk SB Low,304292-001,Nike,https://images.stockx.com/images/Nike-Dunk-SB-Low-Supreme-White-Cement-2002-Product.jpg?fit=fill&bg=FFFFFF&w=700&h=500&auto=format,compress&trim=color&q=90&dpr=2&updated_at=1606321836,
Nike Dunk SB Low Paris,Rope/Special Cardinal,2002-03-01,undefined,81500,undefined, undefined,undefined,Nike Dunk SB Low,308270-111,Nike,https://images.stockx.com/images/Nike-Dunk-SB-Low-Paris.jpg?fit=fill&bg=FFFFFF&w=700&h=500&auto=format,compress&trim=color&q=90&dpr=2&updated_at=1606325852,
Nike Dunk SB Low Yellow Lobster,Yellow Ochre/Terra Brown,2009-07-27,undefined,44000,undefined, undefined,undefined,Nike Dunk SB Low,313170-137566,Nike,https://images.stockx.com/images/Nike-Dunk-SB-Low-Yellow-Lobster-Product.jpg?fit=fill&bg=FFFFFF&w=700&h=500&auto=format,compress&trim=color&q=90&dpr=2&updated_at=1606324855,
Nike Dunk Low Retro White Black (2021),White/Black,2021-03-10,110,259,260, 345,260,Nike Dunk Low,DD1391-100,Nike,https://images.stockx.com/images/Nike-Dunk-Low-Retro-White-Black-2021-Product.jpg?fit=fill&bg=FFFFFF&w=700&h=500&auto=format,compress&trim=color&q=90&dpr=2&updated_at=1611084516,
Nike Dunk Low Orange Pearl (W),Orange Pearl/White,2021-03-15,100,223,235, 299,195,Nike Dunk Low,DD1503-102,Nike,https://images.stockx.com/images/Nike-Dunk-Low-Orange-Pearl-Product.jpg?fit=fill&bg=FFFFFF&w=700&h=500&auto=format,compress&trim=color&q=90&dpr=2&updated_at=1613671259,
Nike Dunk Low Photon Dust (W),White/Photon Dust-White,,100,231,216, undefined,216,Nike Dunk Low,DD1503-103,Nike,https://images.stockx.com/images/Nike-Dunk-Low-Photon-Dust-W.jpg?fit=fill&bg=FFFFFF&w=700&h=500&auto=format,compress&trim=color&q=90&dpr=2&updated_at=1614228268,
Nike Dunk Low Retro Black Hyper Cobalt (2021),Black/White/Hyper Cobalt,2021-02-18,100,164,164, 195,164,Nike Dunk Low,DD1391-001,Nike,https://images.stockx.com/images/Nike-Dunk-Low-Retro-Black-Hyper-Cobalt-2021-Product.jpg?fit=fill&bg=FFFFFF&w=700&h=500&auto=format,compress&trim=color&q=90&dpr=2&updated_at=1613671290,
Nike SB Dunk Low Wasted Youth,Black/Black/Red,2021-04-06,110,321,350, 465,350,Nike SB Dunk Low,DD8386-001,Nike,https://images.stockx.com/images/Nike-SB-Dunk-Low-Wasted-Youth-Product.jpg?fit=fill&bg=FFFFFF&w=700&h=500&auto=format,compress&trim=color&q=90&dpr=2&updated_at=1616521006,
Nike Dunk Low Retro Medium Grey Varsity Red UNLV (2021),Medium Grey/White/Varsity Red,2021-02-18,110,198,215, 285,215,Nike Dunk Low,DD1391-002,Nike,https://images.stockx.com/images/Nike-Dunk-Low-Retro-Medium-Grey-Varsity-Red-2021-Product.jpg?fit=fill&bg=FFFFFF&w=700&h=500&auto=format,compress&trim=color&q=90&dpr=2&updated_at=1611778323,
Nike Dunk High Dark Sulfur (W),White/Dark Sulfur-White,,110,189,224, undefined,224,Nike Dunk High,DD1869-106,Nike,https://images.stockx.com/images/Nike-Dunk-High-Dark-Sulfur.jpg?fit=fill&bg=FFFFFF&w=700&h=500&auto=format,compress&trim=color&q=90&dpr=2&updated_at=1617994942,
Nike Dunk High Syracuse (2021),White/Orange Blaze,2021-03-10,110,204,205, 275,205,Nike Dunk High,DD1399-101,Nike,https://images.stockx.com/images/Nike-Dunk-High-Syracuse-2021-Product.jpg?fit=fill&bg=FFFFFF&w=700&h=500&auto=format,compress&trim=color&q=90&dpr=2&updated_at=1616520900,
Nike Dunk Low White Black (2021) (W),White/Black,2021-03-10,100,285,285, 335,285,Nike Dunk Low,DD1503-101,Nike,https://images.stockx.com/images/Nike-Dunk-Low-White-Black-2021-W-Product.jpg?fit=fill&bg=FFFFFF&w=700&h=500&auto=format,compress&trim=color&q=90&dpr=2&updated_at=1611766850,
Nike Blazer Mid 77 Vintage White Black,Black/Sail-White,2019-03-25,100,97,99, 109,75,Nike Blazer Mid 77 Vintage,BQ6806-100,Nike,https://images.stockx.com/images/Nike-Blazer-Mid-77-Vintage-White-Black-Product.jpg?fit=fill&bg=FFFFFF&w=700&h=500&auto=format,compress&trim=color&q=90&dpr=2&updated_at=1606325720,
Nike Air Max 90 Infrared (2020),White/Light Smoke Grey-Black-Particle Grey-Infrared,2020-11-09,140,114,112, 185,112,Nike Air Max 90,CT1685-100,Nike,https://images.stockx.com/images/Nike-Air-Max-90-Infrared-2020-Product.jpg?fit=fill&bg=FFFFFF&w=700&h=500&auto=format,compress&trim=color&q=90&dpr=2&updated_at=1609366208,
Nike Air Max 95 OG Neon (2020),Black/Neon Yellow-Light Graphite,2020-12-17,170,230,220, 245,220,Nike Air Max 95,CT1689-001,Nike,https://images.stockx.com/images/Nike-Air-Max-95-OG-Neon-2020-Product.jpg?fit=fill&bg=FFFFFF&w=700&h=500&auto=format,compress&trim=color&q=90&dpr=2&updated_at=1609443450,
Nike Air Max 90 OG Volt (2020),White/Particle Grey-Black-Volt,2020-01-09,120,81,79, 100,79,Nike Air Max 90,CD0881-103,Nike,https://images.stockx.com/images/Nike-Air-Max-90-30th-Anniversary-White-Particle-Grey-Volt-Product.jpg?fit=fill&bg=FFFFFF&w=700&h=500&auto=format,compress&trim=color&q=90&dpr=2&updated_at=1606323250,
Nike Air Force 1 Low Orange Skeleton,Starfish/White-Black,2020-10-28,130,158,159, 200,159,Nike Air Force 1 Low,CU8067-800,Nike,https://images.stockx.com/images/Nike-Air-Force-1-Low-Orange-Skeleton-Product.jpg?fit=fill&bg=FFFFFF&w=700&h=500&auto=format,compress&trim=color&q=90&dpr=2&updated_at=1609438989,
Nike Air Max 270 React ENG Travis Scott Cactus Trails,Light Cream/Dark Hazel-Mica Green-Starfish,2020-05-29,170,390,430, 619,430,Nike Air Max 270 React ENG,CT2864-200,Nike,https://images.stockx.com/images/Nike-Air-Max-270-React-Travis-Scott-Product.jpg?fit=fill&bg=FFFFFF&w=700&h=500&auto=format,compress&trim=color&q=90&dpr=2&updated_at=1606320015,
Nike Air Max 90 Green Camo,Ghost Green/Black,2020-05-15,140,135,116, 180,110,Nike Air Max 90,CW4039-300,Nike,https://images.stockx.com/images/Nike-Air-Max-90-Duck-Camo-Volt-Product.jpg?fit=fill&bg=FFFFFF&w=700&h=500&auto=format,compress&trim=color&q=90&dpr=2&updated_at=1606325664,
Nike Air Max 90 Viotech OG,University Red/Pale Vanilla-Hyper Grape,2019-08-29,140,104,85, 110,64,Nike Air Max 90,CD0917-600,Nike,https://images.stockx.com/images/Nike-Air-Max-90-Viotech-OG-Product.jpg?fit=fill&bg=FFFFFF&w=700&h=500&auto=format,compress&trim=color&q=90&dpr=2&updated_at=1606325156,
Nike Kobe 4 Protro Undefeated Milwaukee Bucks,Fir/Multi-Color,2019-08-24,180,190,190, 309,190,Nike Kobe 4 Protro,CQ3869-301,Nike,https://images.stockx.com/images/Nike-Kobe-4-Protro-Undefeated-Milwaukee-Bucks-Product.jpg?fit=fill&bg=FFFFFF&w=700&h=500&auto=format,compress&trim=color&q=90&dpr=2&updated_at=1606319837,
Nike Air Max 2 Light Atmos,Black/Bright Crimson,2019-04-05,160,147,undefined, undefined,undefined,Nike Air Max 2 Light,CJ6200-001/BV7406-001,Nike,https://images.stockx.com/images/Nike-Air-Max-2-Light-Atmos-Product.jpg?fit=fill&bg=FFFFFF&w=700&h=500&auto=format,compress&trim=color&q=90&dpr=2&updated_at=1606320966,
Nike React Element 87 Anthracite Black,Anthracite/Black-White,2018-06-14,160,75,65, 99,65,Nike React Element 87,AQ1090-001,Nike,https://images.stockx.com/images/Nike-React-Element-87-Anthracite-Black-Product.jpg?fit=fill&bg=FFFFFF&w=700&h=500&auto=format,compress&trim=color&q=90&dpr=2&updated_at=1606324613,
Nike Air Force 1 Low Travis Scott Cactus Jack,Multi-Color/Muted Bronze-Fossil,2019-11-16,160,474,509, 569,509,Nike Air Force 1 Low,CN2405-900,Nike,https://images.stockx.com/images/Nike-Air-Force-1-Low-Travis-Scott-Cactus-Jack-Product.jpg?fit=fill&bg=FFFFFF&w=700&h=500&auto=format,compress&trim=color&q=90&dpr=2&updated_at=1606325676,
Nike LD Waffle Sacai Black Nylon,Black/Black,2020-03-10,160,233,241, 330,241,Nike LD Waffle,BV0073-002,Nike,https://images.stockx.com/images/Nike-LD-Waffle-Sacai-Black-Nylon-Product.jpg?fit=fill&bg=FFFFFF&w=700&h=500&auto=format,compress&trim=color&q=90&dpr=2&updated_at=1606321430,
Nike Air Max 90 Recraft Hyper Grape (W),White/Particle Grey-Hyper Grape,2020-01-09,140,90,84, 109,70,Nike Air Max 90,CD0490-103,Nike,https://images.stockx.com/images/Nike-Air-Max-90-Recraft-Hyper-Grape-W-Product.jpg?fit=fill&bg=FFFFFF&w=700&h=500&auto=format,compress&trim=color&q=90&dpr=2&updated_at=1606324482,
Nike Air Max 90 Reverse Duck Camo (2020),Infrared/Black-Dark Sage-Baroque Brown,2020-03-26,140,129,140, 165,140,Nike Air Max 90,CW6024-600,Nike,https://images.stockx.com/images/Nike-Air-Max-90-Reverse-Duck-Camo-2020.png?fit=fill&bg=FFFFFF&w=700&h=500&auto=format,compress&trim=color&q=90&dpr=2&updated_at=1606324400,
Nike Air Max 90 Mars Landing,Mars Stone/Magma Orange,2019-03-16,160,65,63, 89,63,Nike Air Max 90,CD0920-600,Nike,https://images.stockx.com/images/Nike-Air-Max-90-Mars-Landing-Product.jpg?fit=fill&bg=FFFFFF&w=700&h=500&auto=format,compress&trim=color&q=90&dpr=2&updated_at=1606322444,
Nike Air Presto Off-White White (2018),White/Black-Cone,2018-08-03,160,699,600, 855,599,Nike Air Presto,AA3830-100,Nike,https://images.stockx.com/images/Nike-Air-Presto-Off-White-White-2018-Product.jpg?fit=fill&bg=FFFFFF&w=700&h=500&auto=format,compress&trim=color&q=90&dpr=2&updated_at=1606325159,
Nike React Element 55 Kendrick Lamar,Anthracite/White-Black,2019-11-05,150,170,90, 205,90,Nike React Element 55,CJ3312-001,Nike,https://images.stockx.com/images/Nike-React-Element-55-Kendrick-Lamar-Product.jpg?fit=fill&bg=FFFFFF&w=700&h=500&auto=format,compress&trim=color&q=90&dpr=2&updated_at=1606320233,
Nike Blazer Mid sacai White Grey,Summit White/White-Wolf Grey-Black,2019-10-10,140,248,242, 249,242,Nike Blazer Mid,BV0072-100,Nike,https://images.stockx.com/images/Nike-Blazer-Mid-Sacai-White-Grey-Product.jpg?fit=fill&bg=FFFFFF&w=700&h=500&auto=format,compress&trim=color&q=90&dpr=2&updated_at=1606324167,
Nike Air Presto Off-White Black (2018),Black/White-Cone,2018-07-27,160,750,724, 929,680,Nike Air Presto,AA3830-002,Nike,https://images.stockx.com/images/Nike-Air-Presto-Off-White-Black-2018-Product.jpg?fit=fill&bg=FFFFFF&w=700&h=500&auto=format,compress&trim=color&q=90&dpr=2&updated_at=1606321791,
adidas Yeezy Boost 350 V2 Black Red (2017/2020),Core Black/Core Black/Red,2017-02-11,220,410,424, 475,300,adidas Yeezy Boost 350 V2,CP9652,adidas,https://images.stockx.com/images/Adidas-Yeezy-Boost-350-V2-Core-Black-Red-2017-Product.jpg?fit=fill&bg=FFFFFF&w=700&h=500&auto=format,compress&trim=color&q=90&dpr=2&updated_at=1606320792,
adidas Yeezy Boost 350 V2 Carbon,Carbon/Carbon/Carbon,2020-10-02,220,262,279, 299,260,adidas Yeezy Boost 350 V2,FZ5000,adidas,https://images.stockx.com/images/adidas-Yeezy-Boost-350-V2-Carbon-Product.jpg?fit=fill&bg=FFFFFF&w=700&h=500&auto=format,compress&trim=color&q=90&dpr=2&updated_at=1609432836,
adidas Yeezy Boost 350 V2 Natural,Natural/Natural/Natural,2020-10-24,220,288,299, 325,299,adidas Yeezy Boost 350 V2,FZ5246,adidas,https://images.stockx.com/images/adidas-Yeezy-Boost-350-V2-Natural-Product.jpg?fit=fill&bg=FFFFFF&w=700&h=500&auto=format,compress&trim=color&q=90&dpr=2&updated_at=1609349728,
adidas Yeezy 500 Utility Black,Utility Black/Utility Black/Utility Black,2018-07-07,200,315,324, 365,324,adidas Yeezy 500,F36640,adidas,https://images.stockx.com/images/Adidas-Yeezy-500-Utility-Black-Product.jpg?fit=fill&bg=FFFFFF&w=700&h=500&auto=format,compress&trim=color&q=90&dpr=2&updated_at=1606319127,
adidas Yeezy Boost 350 V2 Desert Sage,Desert Sage/Desert Sage/Desert Sage,2020-03-14,220,259,263, 359,262,adidas Yeezy Boost 350 V2,FX9035,adidas,https://images.stockx.com/images/adidas-Yeezy-Boost-350-V2-Desert-Sage-Product.jpg?fit=fill&bg=FFFFFF&w=700&h=500&auto=format,compress&trim=color&q=90&dpr=2&updated_at=1606322863,
adidas Yeezy 700 V3 Arzareth,Azareth/Azareth/Azareth,2020-08-29,200,360,353, 400,330,adidas Yeezy 700 V3,G54850,adidas,https://images.stockx.com/images/adidas-Yeezy-700-V3-Arzareth-Product.jpg?fit=fill&bg=FFFFFF&w=700&h=500&auto=format,compress&trim=color&q=90&dpr=2&updated_at=1606323306,
adidas Yeezy Boost 700 Bright Blue,Bright Blue/Orange,2021-04-17,240,480,450, undefined,450,adidas Yeezy Boost 700,GZ0541,adidas,https://images.stockx.com/images/adidas-Yeezy-Boost-700-Bright-Blue.jpg?fit=fill&bg=FFFFFF&w=700&h=500&auto=format,compress&trim=color&q=90&dpr=2&updated_at=1616862492,
adidas Yeezy Boost 350 V2 Yeezreel (Non-Reflective),Yeezreel/Yeezreel/Yeezreel,2019-12-14,220,268,271, 289,246,adidas Yeezy Boost 350 V2,FW5191,adidas,https://images.stockx.com/images/adidas-Yeezy-Boost-350-V2-Yeezreel-Product.jpg?fit=fill&bg=FFFFFF&w=700&h=500&auto=format,compress&trim=color&q=90&dpr=2&updated_at=1606325918,
adidas Yeezy 700 V3 Alvah,Alvah/Alvah/Alvah,2020-04-11,200,385,374, 465,368,adidas Yeezy 700 V3,H67799,adidas,https://images.stockx.com/images/adidas-Yeezy-Boost-700-V3-Alvah-Product.jpg?fit=fill&bg=FFFFFF&w=700&h=500&auto=format,compress&trim=color&q=90&dpr=2&updated_at=1606322175,
adidas Yeezy Boost 350 V2 Citrin (Non-Reflective),Citrin/Citrin/Citrin,2019-09-23,220,275,249, 329,249,adidas Yeezy Boost 350 V2,FW3042,adidas,https://images.stockx.com/images/adidas-Yeezy-Boost-350-V2-Citrin-Product.jpg?fit=fill&bg=FFFFFF&w=700&h=500&auto=format,compress&trim=color&q=90&dpr=2&updated_at=1606325419,
adidas Yeezy Boost 350 V2 Tail Light,Tail Light/Tail Light/Tail Light,2020-02-22,220,423,400, 585,400,adidas Yeezy Boost 350 V2,FX9017,adidas,https://images.stockx.com/images/adidas-Yeezy-Boost-350-V2-Tail-Light-Product.jpg?fit=fill&bg=FFFFFF&w=700&h=500&auto=format,compress&trim=color&q=90&dpr=2&updated_at=1606324899,
adidas Yeezy Boost 380 Mist,Mist/Mist/Mist,2020-03-25,230,217,227, 289,227,adidas Yeezy Boost 380,FX9764,adidas,https://images.stockx.com/images/adidas-Yeezy-Boost-380-Mist-Product.jpg?fit=fill&bg=FFFFFF&w=700&h=500&auto=format,compress&trim=color&q=90&dpr=2&updated_at=1606319252,
adidas Yeezy Boost 350 V2 Cloud White (Non-Reflective),Cloud White/Cloud White/Cloud White,2019-09-21,220,355,380, 450,310,adidas Yeezy Boost 350 V2,FW3043,adidas,https://images.stockx.com/images/adidas-Yeezy-Boost-350-V2-Cloud-White-Product.jpg?fit=fill&bg=FFFFFF&w=700&h=500&auto=format,compress&trim=color&q=90&dpr=2&updated_at=1606323488,
adidas Yeezy Boost 350 V2 Lundmark (Non Reflective),Lundmark/Lundmark/Lundmark,2019-07-13,220,300,290, 319,290,adidas Yeezy Boost 350 V2,FU9161,adidas,https://images.stockx.com/images/adidas-Yeezy-Boost-350-V2-Lundmark-Product.jpg?fit=fill&bg=FFFFFF&w=700&h=500&auto=format,compress&trim=color&q=90&dpr=2&updated_at=1606322883,
adidas Yeezy 500 Salt,Salt/Salt/Salt,2018-11-30,200,315,281, 410,281,adidas Yeezy 500,EE7287,adidas,https://images.stockx.com/images/adidas-Yeezy-500-Salt-Product.jpg?fit=fill&bg=FFFFFF&w=700&h=500&auto=format,compress&trim=color&q=90&dpr=2&updated_at=1606320592,
adidas Yeezy Boost 350 V2 Static (Non-Reflective),Static/Static/Static,2018-12-27,220,445,425, 495,375,adidas Yeezy Boost 350 V2,EF2905,adidas,https://images.stockx.com/images/adidas-Yeezy-Boost-350-V2-Static-Product.jpg?fit=fill&bg=FFFFFF&w=700&h=500&auto=format,compress&trim=color&q=90&dpr=2&updated_at=1606321247,
adidas Yeezy Boost 350 V2 Linen,Linen/Linen/Linen,2020-04-18,220,301,310, 370,310,adidas Yeezy Boost 350 V2,FY5158,adidas,https://images.stockx.com/images/adidas-Yeezy-Boost-350-V2-Linen-Product.jpg?fit=fill&bg=FFFFFF&w=700&h=500&auto=format,compress&trim=color&q=90&dpr=2&updated_at=1606325905,
adidas Yeezy QNTM (Lifestyle Model),QNTM,2020-02-16,250,184,188, 205,188,adidas Yeezy QNTM,Q46473,adidas,https://images.stockx.com/images/adidas-Yzy-QNTM-Product.jpg?fit=fill&bg=FFFFFF&w=700&h=500&auto=format,compress&trim=color&q=90&dpr=2&updated_at=1606324011,
adidas Yeezy Boost 350 V2 Sesame,Sesame/Sesame/Sesame,2018-11-23,220,395,390, 545,388,adidas Yeezy Boost 350 V2,F99710,adidas,https://images.stockx.com/images/Adidas-Yeezy-Boost-350-V2-Sesame-Thumb.jpg?fit=fill&bg=FFFFFF&w=700&h=500&auto=format,compress&trim=color&q=90&dpr=2&updated_at=1606322910,
adidas Yeezy Boost 350 V2 Semi Frozen Yellow,Semi Frozen Yellow/Raw Steel/Red,2017-11-18,220,389,360, 475,360,adidas Yeezy Boost 350 V2,B37572,adidas,https://images.stockx.com/images/Adidas-Yeezy-Boost-350-V2-Semi-Frozen-Yellow-Product.jpg?fit=fill&bg=FFFFFF&w=700&h=500&auto=format,compress&trim=color&q=90&dpr=2&updated_at=1606321942,
adidas Yeezy Boost 350 V2 Fade,Yecher/Yecher/Yecher,2020-11-11,220,304,295, 349,295,adidas Yeezy Boost 350 V2,H02795,adidas,https://images.stockx.com/images/adidas-Yeezy-Boost-350-V2-Yecher-Product.jpg?fit=fill&bg=FFFFFF&w=700&h=500&auto=format,compress&trim=color&q=90&dpr=2&updated_at=1609349759,
adidas Yeezy Boost 350 V2 Beluga 2.0,,2017-11-25,220,599,618, 850,550,adidas Yeezy Boost 350 V2,AH2203,adidas,https://images.stockx.com/images/Adidas-Yeezy-Boost-350-V2-Beluga-2pt0-Product.jpg?fit=fill&bg=FFFFFF&w=700&h=500&auto=format,compress&trim=color&q=90&dpr=2&updated_at=1606322713,
adidas Yeezy Boost 350 V2 Sulfur,Sulfur/Sulfur/Sulfur,2020-05-09,220,295,298, 399,298,adidas Yeezy Boost 350 V2,FY5346,adidas,https://images.stockx.com/images/adidas-Yeezy-Boost-350-V2-Sulfur.jpg?fit=fill&bg=FFFFFF&w=700&h=500&auto=format,compress&trim=color&q=90&dpr=2&updated_at=1606318341,
adidas Yeezy Boost 350 V2 Yeshaya (Non-Reflective),Yeshaya/Yeshaya/Yeshaya,2020-01-25,220,349,340, 410,280,adidas Yeezy Boost 350 V2,FX4348,adidas,https://images.stockx.com/images/adidas-Yeezy-Boost-350-V2-Yeshaya-Product.jpg?fit=fill&bg=FFFFFF&w=700&h=500&auto=format,compress&trim=color&q=90&dpr=2&updated_at=1606316911,
adidas Yeezy Boost 350 V2 Butter,Butter/Butter/Butter,2018-06-30,220,335,342, 399,300,adidas Yeezy Boost 350 V2,F36980,adidas,https://images.stockx.com/images/Adidas-Yeezy-Boost-350-V2-Butter-Product.jpg?fit=fill&bg=FFFFFF&w=700&h=500&auto=format,compress&trim=color&q=90&dpr=2&updated_at=1606325882,
adidas Yeezy 500 Stone,Stone/Stone/Stone,2019-11-23,200,297,271, 335,271,adidas Yeezy 500,FW4839,adidas,https://images.stockx.com/images/adidas-Yeezy-500-Stone-Product.jpg?fit=fill&bg=FFFFFF&w=700&h=500&auto=format,compress&trim=color&q=90&dpr=2&updated_at=1606323056,
adidas Yeezy Boost 350 V2 Static Reflective,Static/Static/Static,2018-12-26,220,379,530, 540,359,adidas Yeezy Boost 350 V2,EF2367,adidas,https://images.stockx.com/images/adidas-Yeezy-Boost-350-V2-Static-Reflective-Product.jpg?fit=fill&bg=FFFFFF&w=700&h=500&auto=format,compress&trim=color&q=90&dpr=2&updated_at=1606323087,
adidas Yeezy Boost 350 V2 Clay,Clay/Clay/Clay,2019-03-30,220,315,305, 345,293,adidas Yeezy Boost 350 V2,EG7490,adidas,https://images.stockx.com/images/adidas-Yeezy-Boost-350-V2-Clay-Product.jpg?fit=fill&bg=FFFFFF&w=700&h=500&auto=format,compress&trim=color&q=90&dpr=2&updated_at=1606321232,
adidas Yeezy Boost 700 V2 Geode,Geode/Geode/Geode,2019-03-23,300,365,324, 475,300,adidas Yeezy Boost 700 V2,EG6860,adidas,https://images.stockx.com/images/adidas-Yeezy-Boost-700-V2-Geode-Product.jpg?fit=fill&bg=FFFFFF&w=700&h=500&auto=format,compress&trim=color&q=90&dpr=2&updated_at=1606321977,
adidas Yeezy Calabasas Track Pant Umber/Core,Umber/Core,2018-11-17,undefined,80,95, undefined,undefined,adidas Yeezy Calabasas Track,EA1901,adidas,https://images.stockx.com/images/adidas-Yeezy-Calabasas-Track-Pant-Umber-Core.jpg?fit=fill&bg=FFFFFF&w=700&h=500&auto=format,compress&trim=color&q=90&dpr=2&updated_at=1606322902,
adidas Yeezy Boost 380 Alien,Alien/Alien/Alien,2019-12-12,230,374,undefined, undefined,undefined,adidas Yeezy Boost 380,FV3260/FB6878,adidas,https://images.stockx.com/images/adidas-Yeezy-Boost-380-Alien-Product.jpg?fit=fill&bg=FFFFFF&w=700&h=500&auto=format,compress&trim=color&q=90&dpr=2&updated_at=1606321338,
adidas Yeezy Boost 700 Analog,Analog/Analog/Analog,2019-04-27,300,392,347, 430,347,adidas Yeezy Boost 700,EG7596,adidas,https://images.stockx.com/images/adidas-Yeezy-Boost-700-Analog-Product.jpg?fit=fill&bg=FFFFFF&w=700&h=500&auto=format,compress&trim=color&q=90&dpr=2&updated_at=1606322253,
adidas Yeezy Boost 700 Salt,Salt/Salt/Salt,2019-02-23,300,349,356, 399,350,adidas Yeezy Boost 700,EG7487,adidas,https://images.stockx.com/images/Adidas-Yeezy-Boost-700-Salt-Product.jpg?fit=fill&bg=FFFFFF&w=700&h=500&auto=format,compress&trim=color&q=90&dpr=2&updated_at=1606318741,
adidas Yeezy Boost 350 V2 Antlia (Non-Reflective),Antlia/Antlia/Antlia,2019-06-22,220,277,273, 365,273,adidas Yeezy Boost 350 V2,FV3250,adidas,https://images.stockx.com/images/adidas-Yeezy-Boost-350-V2-Antlia-Product.jpg?fit=fill&bg=FFFFFF&w=700&h=500&auto=format,compress&trim=color&q=90&dpr=2&updated_at=1606317704,
adidas Yeezy Boost 350 V2 Trfrm,Grey/Grey/Grey,2019-03-16,220,299,360, 385,360,adidas Yeezy Boost 350 V2,EG7492,adidas,https://images.stockx.com/images/adidas-Yeezy-Boost-350-V2-True-Form-Product.jpg?fit=fill&bg=FFFFFF&w=700&h=500&auto=format,compress&trim=color&q=90&dpr=2&updated_at=1606321963,
adidas Yeezy 500 Soft Vision,Soft Vision/Soft Vision/Soft Vision,2019-11-02,200,421,423, 510,380,adidas Yeezy 500,FW2656,adidas,https://images.stockx.com/images/adidas-Yeezy-500-Soft-Vision-Product.jpg?fit=fill&bg=FFFFFF&w=700&h=500&auto=format,compress&trim=color&q=90&dpr=2&updated_at=1606323994,
adidas Yeezy Boost 350 V2 Glow,Glow/Glow/Glow,2019-05-25,250,556,517, 629,517,adidas Yeezy Boost 350 V2,EG5293,adidas,https://images.stockx.com/images/adidas-Yeezy-Boost-350-V2-Glow-Product.jpg?fit=fill&bg=FFFFFF&w=700&h=500&auto=format,compress&trim=color&q=90&dpr=2&updated_at=1606320244,
adidas Yeezy Boost 350 V2 Core Black Red,Core Black/Red/Core Black,2016-11-23,220,1000,850, 1750,850,adidas Yeezy Boost 350 V2,BY9612,adidas,https://images.stockx.com/images/Adidas-Yeezy-Boost-350-V2-Core-Black-Red-Product.jpg?fit=fill&bg=FFFFFF&w=700&h=500&auto=format,compress&trim=color&q=90&dpr=2&updated_at=1606319240,
adidas Yeezy Boost 700 V2 Hospital Blue,Hospital Blue/Hospital Blue/Hospital Blue,2019-09-28,300,413,384, 515,375,adidas Yeezy Boost 700 V2,FV8424,adidas,https://images.stockx.com/images/adidas-Yeezy-Boost-700-V2-Hospital-Blue-Product.jpg?fit=fill&bg=FFFFFF&w=700&h=500&auto=format,compress&trim=color&q=90&dpr=2&updated_at=1606323679,
adidas Yeezy Boost 700 MNVN Bone,Bone/Silver/Black,2020-07-11,220,325,301, 419,301,adidas Yeezy Boost 700 MNVN,FY3729,adidas,https://images.stockx.com/images/adidas-Yeezy-Boost-700-MNVN-Bone-Product.jpg?fit=fill&bg=FFFFFF&w=700&h=500&auto=format,compress&trim=color&q=90&dpr=2&updated_at=1606324203,
adidas Ultra Boost 4.0 Running White,Running White/Running White/Running White,2017-11-30,180,133,120, 160,105,adidas Ultra Boost 4.0,BB6168,adidas,https://images.stockx.com/images/adidas-Ultra-Boost-4-0-Running-White-Product.jpg?fit=fill&bg=FFFFFF&w=700&h=500&auto=format,compress&trim=color&q=90&dpr=2&updated_at=1612900601,
adidas Ultra Boost 1.0 Triple Black,Core Black/Core Black/Core Black,2016-12-01,200,130,145, 165,145,adidas Ultra Boost 1.0,BB4677,adidas,https://images.stockx.com/images/Adidas-Ultra-Boost-Triple-Black-Product.jpg?fit=fill&bg=FFFFFF&w=700&h=500&auto=format,compress&trim=color&q=90&dpr=2&updated_at=1606324801,
adidas Solar Hu Glide Human Made White Red,White/Red/Black,2019-09-25,180,110,115, 175,115,adidas Solar Hu Glide,EG1837,adidas,https://images.stockx.com/images/adidas-Solar-Hu-Glide-Human-Made-White-Red.png?fit=fill&bg=FFFFFF&w=700&h=500&auto=format,compress&trim=color&q=90&dpr=2&updated_at=1606323615,
Converse Chuck Taylor All-Star 70s Hi Off-White,White/Bold Orange-Black,2018-10-08,130,350,419, 619,410,Converse Chuck Taylor All-Star,163862C,Converse,https://images.stockx.com/images/Converse-Chuck-Taylor-All-Star-70s-Hi-Off-White-Product.jpg?fit=fill&bg=FFFFFF&w=700&h=500&auto=format,compress&trim=color&q=90&dpr=2&updated_at=1606318827,
Nike Zoom Terra Kiger 5 Off-White Black (W),Black/Metallic Silver-White-Pink Blast,2019-06-24,180,201,199, 250,199,Nike Zoom Terra Kiger 5,CD8179-001,Nike,https://images.stockx.com/images/Nike-Zoom-Terra-Kiger-5-Off-White-Black-W-Product.jpg?fit=fill&bg=FFFFFF&w=700&h=500&auto=format,compress&trim=color&q=90&dpr=2&updated_at=1606320062,
Nike Zoom Fly Off-White Black Silver,Black/White-Cone,2018-10-13,170,337,330, 409,230,Nike Zoom Fly,AJ4588-001,Nike,https://images.stockx.com/images/Nike-Zoom-Fly-Off-White-Black-Silver-Product.jpg?fit=fill&bg=FFFFFF&w=700&h=500&auto=format,compress&trim=color&q=90&dpr=2&updated_at=1606322730,
Nike Air Force 1 Low Off-White Volt,Volt/Hyper Jade-Cone-Black,2018-12-19,170,927,803, 1135,730,Nike Air Force 1 Low,AO4606-700,Nike,https://images.stockx.com/images/Nike-Air-Force-1-Low-Off-White-Volt-Product.jpg?fit=fill&bg=FFFFFF&w=700&h=500&auto=format,compress&trim=color&q=90&dpr=2&updated_at=1606320457,
Nike Air Vapormax Off-White 2018,White/Total Orange-Black,2018-04-14,250,700,750, 900,693,Nike Air Vapormax,AA3831-100,Nike,https://images.stockx.com/images/Nike-Air-VaporMax-Off-White-2018-1.jpg?fit=fill&bg=FFFFFF&w=700&h=500&auto=format,compress&trim=color&q=90&dpr=2&updated_at=1606325207,
Nike Air Presto Off-White,Black/Black-Muslin,2017-09-09,160,2299,2475, 3090,1325,Nike Air Presto,AA3830-001,Nike,https://images.stockx.com/images/Nike-Air-Presto-Off-White-Product.jpg?fit=fill&bg=FFFFFF&w=700&h=500&auto=format,compress&trim=color&q=90&dpr=2&updated_at=1609438850,
Nike Air VaporMax Off-White Black,Black/Total Crimson-Clear,2018-03-30,250,530,520, 920,502,Nike Air VaporMax,AA3831-002,Nike,https://images.stockx.com/images/Nike-Air-VaporMax-Off-White-Black-Product-1.jpg?fit=fill&bg=FFFFFF&w=700&h=500&auto=format,compress&trim=color&q=90&dpr=2&updated_at=1606324406,
Nike Zoom Terra Kiger 5 Off-White White (W),White/Metallic Silver-Sail-Safety Orange,2019-06-24,180,230,195, 249,159,Nike Zoom Terra Kiger 5,CD8179-100,Nike,https://images.stockx.com/images/Nike-Zoom-Terra-Kiger-5-Off-White-White-W-Product.jpg?fit=fill&bg=FFFFFF&w=700&h=500&auto=format,compress&trim=color&q=90&dpr=2&updated_at=1606325197,
Nike Air Force 1 Low Off-White Black White,Black/White-Cone-Black,2018-12-19,170,792,770, 1325,770,Nike Air Force 1 Low,AO4606-001,Nike,https://images.stockx.com/images/Nike-Air-Force-1-Low-Off-White-Black-White-Product.jpg?fit=fill&bg=FFFFFF&w=700&h=500&auto=format,compress&trim=color&q=90&dpr=2&updated_at=1606322302,
Nike Air Max 97 Off-White,White/Cone-Ice Blue,2017-11-01,190,1000,1034, undefined,700,Nike Air Max 97,AJ4585-100,Nike,https://images.stockx.com/images/Nike-Air-Max-97-Off-White-Product.jpg?fit=fill&bg=FFFFFF&w=700&h=500&auto=format,compress&trim=color&q=90&dpr=2&updated_at=1606324514,
Nike Zoom Fly Off-White,White/White-Muslin,2017-11-01,170,723,722, 805,650,Nike Zoom Fly,AJ4588-100,Nike,https://images.stockx.com/images/Nike-Zoom-Fly-Off-White-Product.jpg?fit=fill&bg=FFFFFF&w=700&h=500&auto=format,compress&trim=color&q=90&dpr=2&updated_at=1606325746,
Nike Air VaporMax Off-White,Black/White-Clear,2017-09-09,250,1125,1200, 1649,975,Nike Air VaporMax,AA3831-001,Nike,https://images.stockx.com/images/Nike-Air-VaporMax-Off-White-Product.jpg?fit=fill&bg=FFFFFF&w=700&h=500&auto=format,compress&trim=color&q=90&dpr=2&updated_at=1606325821,
Nike Air Max 90 OFF-WHITE,Sail/White-Muslin,2017-09-09,160,1499,1700, undefined,1095,Nike Air Max 90,AA7293-100,Nike,https://images.stockx.com/images/Nike-Air-Max-90-Off-White-Product.jpg?fit=fill&bg=FFFFFF&w=700&h=500&auto=format,compress&trim=color&q=90&dpr=2&updated_at=1606323263,